country_name,country_code,country_code3,continent,region,population,population_below_poverty_line,hdi,life_expectancy,expected_years_of_schooling,mean_years_of_schooling,gni,kiva_country_name
India,IN,IND,Asia,Southern Asia,1339180127,21.9,0.623558794,68.322,11.696589999999999,6.298833561,5663.4747990000005,India
Nigeria,NG,NGA,Africa,Western Africa,190886311,70.0,0.527104539,53.056999999999995,9.970482,6.0,5442.901264,Nigeria
Mexico,MX,MEX,Americas,Central America,129163276,46.2,0.761682897,76.972,13.29909,8.554984832999999,16383.10668,Mexico
Pakistan,PK,PAK,Asia,Southern Asia,197015955,29.5,0.550354165,66.365,8.106910000000001,5.08946,5031.173074,Pakistan
Bangladesh,BD,BGD,Asia,Southern Asia,164669751,31.5,0.578824028,71.985,10.178706,5.241576537,3341.490722,Bangladesh
Democratic Republic of the Congo,CD,COD,Africa,Middle Africa,81339988,63.0,0.43546467,59.056999999999995,9.75,6.117152596,679.6312234000001,The Democratic Republic of the Congo
United States,US,USA,Americas,Northern America,324459463,15.1,0.9195530559999999,79.222,16.53815,13.21789033,53245.076960000006,United States
China,CN,CHN,Asia,Eastern Asia,1409517397,3.3,0.73768059,75.96300000000001,13.53575,7.6418399589999995,13345.47746,China
Ethiopia,ET,ETH,Africa,Eastern Africa,104957438,29.6,0.447750459,64.602,8.351519999999999,2.580780019,1522.954782,Ethiopia
Indonesia,ID,IDN,Asia,South-eastern Asia,263991379,10.9,0.68884703,69.05199999999999,12.86766,7.934816941,10053.3377,Indonesia
Egypt,EG,EGY,Africa,Northern Africa,97553151,25.2,0.691391634,71.325,13.0989,7.11,10064.05991,Egypt
Philippines,PH,PHL,Asia,South-eastern Asia,104918090,21.6,0.681798894,68.34,11.73302,9.32687,8395.094758,Philippines
Kenya,KE,KEN,Africa,Eastern Africa,49699862,43.4,0.554678518,62.163999999999994,11.08,6.314098465,2880.739597,Kenya
Japan,JP,JPN,Asia,Eastern Asia,127484450,16.1,0.90346208,83.684,15.34048,12.464,37267.96407,Japan
Russia,RU,RUS,Europe,Eastern Europe,143989754,13.3,0.803908285,70.264,14.95315,12.01999,23286.08065,Russia
Sudan,SD,SDN,Africa,Northern Africa,40533330,46.5,0.490188348,63.732,7.205260000000001,3.522,3846.370533,Sudan
Madagascar,MG,MDG,Africa,Eastern Africa,25570895,70.7,0.512149003,65.515,10.34614,6.145954825,1319.699397,Madagascar
Italy,IT,ITA,Europe,Southern Europe,59359900,29.9,0.886552111,83.338,16.25827,10.86879343,33572.982489999995,Italy
Turkey,TR,TUR,Asia,Western Asia,80745020,21.9,0.76699597,75.528,14.59658499,7.887860000000001,18704.527280000002,Turkey
Yemen,YE,YEM,Asia,Western Asia,28250420,54.0,0.482402156,64.053,8.9895,3.0,2300.272279,Yemen
Iran,IR,IRN,Asia,Southern Asia,81162788,18.7,0.7740632059999999,75.581,14.82424,8.77,16395.177369999998,Iran
Syria,SY,SYR,Asia,Western Asia,18269868,82.5,0.535886844,69.652,8.95343,5.0625,2440.599224,Syria
Argentina,AR,ARG,Americas,South America,44271041,32.2,0.82740051,76.457,17.2605,9.85,20945.12105,Argentina
Germany,DE,DEU,Europe,Western Europe,82114224,16.7,0.925668941,81.092,17.09594,13.18762553,44999.64714,Germany
Mozambique,MZ,MOZ,Africa,Eastern Africa,29668834,46.1,0.417590161,55.478,9.06883,3.499115605,1098.435768,Mozambique
Myanmar,MM,MMR,Asia,South-eastern Asia,53370609,25.6,0.5555663470000001,66.118,9.074,4.744,4943.128629999999,Myanmar (Burma)
Colombia,CO,COL,Americas,South America,49065615,27.8,0.727287287,74.229,13.59537,7.555875831,12762.20529,Colombia
Tanzania,TZ,TZA,Africa,Eastern Africa,57310019,22.8,0.5305766160000001,65.512,8.923689999999999,5.78,2466.9026940000003,Tanzania
Afghanistan,AF,AFG,Asia,Southern Asia,35530081,35.8,0.479375006,60.70399999999999,10.05375,3.55,1870.8271309999998,Afghanistan
Angola,AO,AGO,Africa,Middle Africa,29784193,40.5,0.533464073,52.698,11.39,4.9798584319999994,6290.895886,Angola
Zimbabwe,ZW,ZWE,Africa,Eastern Africa,16529904,72.3,0.5156401829999999,59.2,10.31433,7.73428,1587.723183,Zimbabwe
Ivory Coast,CI,CIV,Africa,Western Africa,24294750,46.3,0.473679285,51.888999999999996,8.9473995,5.0,3162.7388530000003,Cote D'Ivoire
VietNam,VN,VNM,Asia,South-eastern Asia,95540800,11.3,0.683277514,75.939,12.627350999999999,7.9887218220000005,5334.5268590000005,Vietnam
Ukraine,UA,UKR,Europe,Eastern Europe,44222947,24.1,0.743049423,71.12899999999999,15.30672,11.34,7361.011228,Ukraine
Zambia,ZM,ZMB,Africa,Eastern Africa,17094130,60.5,0.579069986,60.818999999999996,12.5123,6.896,3463.7127179999998,Zambia
Guatemala,GT,GTM,Americas,Central America,16913503,59.3,0.639570415,72.062,10.7211,6.302370007,7063.204406,Guatemala
United Kingdom,GB,GBR,Europe,Northern Europe,66181585,15.0,0.9094909059999999,80.84899999999999,16.3109,13.284120000000001,37930.82701,United Kingdom
Spain,ES,ESP,Europe,Southern Europe,46354321,21.1,0.884153255,82.76700000000001,17.70032,9.79079,32778.51507,Spain
Niger,NE,NER,Africa,Western Africa,21477348,45.4,0.35264067,61.93600000000001,5.42265,1.6580000000000001,889.4556457999998,Niger
Algeria,DZ,DZA,Africa,Northern Africa,41318142,23.0,0.744805577,75.027,14.357779999999998,7.785367056,13532.960780000001,Algeria
Malawi,MW,MWI,Africa,Eastern Africa,18622104,50.7,0.47593546299999995,63.88,10.75378,4.402,1073.290846,Malawi
South Africa,ZA,ZAF,Africa,Southern Africa,56717156,16.6,0.666429151,57.658,12.99503,10.33188,12087.21364,South Africa
France,FR,FRA,Europe,Western Europe,64979548,14.0,0.8974358920000001,82.359,16.265079999999998,11.62517418,38085.400330000004,France
Iraq,IQ,IRQ,Asia,Western Asia,38274618,23.0,0.64945709,69.626,10.0855,6.583874000000001,11607.72856,Iraq
Uganda,UG,UGA,Africa,Eastern Africa,42862958,19.7,0.492834185,59.208999999999996,10.01195,5.6543554170000005,1670.190775,Uganda
Brazil,BR,BRA,Americas,South America,209288278,3.7,0.7541436340000001,74.748,15.19532,7.76,14145.13735,Brazil
Burkina Faso,BF,BFA,Africa,Western Africa,19193382,40.1,0.401740104,59.007,7.692810000000001,1.441531766,1537.499309,Burkina Faso
Senegal,SN,SEN,Africa,Western Africa,15850567,46.7,0.493982965,66.929,9.46770044,2.759835808,2250.133629,Senegal
Nepal,NP,NPL,Asia,Southern Asia,29304998,25.2,0.558162139,69.98899999999999,12.21763,4.0677970000000006,2337.069534,Nepal
Peru,PE,PER,Americas,South America,32165485,22.7,0.739748576,74.814,13.386339999999999,9.013469696,11294.840329999999,Peru
Cameroon,CM,CMR,Africa,Middle Africa,24053727,30.0,0.517547037,55.958,10.415,6.109359903,2894.277577,Cameroon
Burundi,BI,BDI,Africa,Eastern Africa,10864245,64.6,0.403765415,57.118,10.64743,2.968889261,691.1825738,Burundi
Ghana,GH,GHA,Africa,Western Africa,28833629,24.2,0.578828832,61.531000000000006,11.50262,6.94,3838.670257,Ghana
Chad,TD,TCD,Africa,Middle Africa,14899994,46.7,0.396073224,51.897,7.300260000000001,2.323327738,1990.871405,Chad
Poland,PL,POL,Europe,Eastern Europe,38170712,17.6,0.8552287890000001,77.62,16.373929999999998,11.90293,24116.99224,Poland
Mali,ML,MLI,Africa,Western Africa,18541980,36.1,0.442108693,58.474,8.42596,2.333416418,2218.360673,Mali
Haiti,HT,HTI,Americas,Caribbean,10981229,58.5,0.49281335200000004,63.119,9.1,5.179501441,1656.9431539999998,Haiti
South Korea,KR,KOR,Asia,Eastern Asia,50982212,12.5,0.90099213,82.12799999999999,16.58752,12.17921107,34540.64927,South Korea
South Sudan,SS,SSD,Africa,Eastern Africa,12575714,50.6,0.41830334,56.13399999999999,4.87162,4.849130000000001,1882.4987989999997,South Sudan
Venezuela,VE,VEN,Americas,South America,31977065,19.7,0.766716417,74.387,14.3,9.397789999999999,15128.64103,Venezuela
Guinea,GN,GIN,Africa,Western Africa,12717176,47.0,0.414186306,59.215,8.81527,2.568481492,1058.2198759999999,Guinea
Morocco,MA,MAR,Africa,Northern Africa,35739580,15.0,0.6474018539999999,74.31,12.05494,5.037844226,7194.916461,Morocco
Sierra Leone,SL,SLE,Africa,Western Africa,7557212,70.2,0.42031226,51.317,9.468867999999999,3.332,1529.176083,Sierra Leone
Thailand,TH,THA,Asia,South-eastern Asia,69037513,7.2,0.739793865,74.616,13.57496,7.91195,14518.64304,Thailand
Rwanda,RW,RWA,Africa,Eastern Africa,12208407,39.1,0.497577295,64.749,10.76172,3.801335247,1616.85733,Rwanda
Uzbekistan,UZ,UZB,Asia,Central Asia,31910641,14.0,0.7006683990000001,69.4,12.16651,12.048045,5748.226043,Uzbekistan
Romania,RO,ROU,Europe,Eastern Europe,19679306,22.4,0.802381714,74.837,14.734979999999998,10.79977,19427.60925,Romania
Togo,TG,TGO,Africa,Western Africa,7797694,55.1,0.48735889600000004,60.175,11.96578,4.698788565,1262.17409,Togo
Bolivia,BO,BOL,Americas,South America,11051600,38.6,0.674074431,68.743,13.787416,8.19974,6154.887574,Bolivia
Ecuador,EC,ECU,Americas,South America,16624858,25.6,0.739298832,76.12100000000001,14.02404,8.27,10536.15525,Ecuador
Benin,BJ,BEN,Africa,Western Africa,11175692,36.2,0.48509640600000004,59.76,10.686,3.51,1979.250627,Benin
Greece,GR,GRC,Europe,Southern Europe,11159773,36.0,0.865873096,81.071,17.21752,10.53946,24807.53589,Greece
Canada,CA,CAN,Americas,Northern America,36624199,9.4,0.920284414,82.22399999999999,16.325,13.10511486,42581.91433,Canada
Dominican Republic,DO,DOM,Americas,Caribbean,10766998,30.5,0.721686316,73.65,13.16925,7.6789,12756.40123,Dominican Republic
Papua New Guinea,PG,PNG,Oceania,Melanesia,8251162,37.0,0.5161683189999999,62.769,9.8997375,4.328,2711.765948,Papua New Guinea
Cambodia,KH,KHM,Asia,South-eastern Asia,16005373,17.7,0.563082194,68.807,10.90489,4.669575,3095.317595,Cambodia
Tajikistan,TJ,TJK,Asia,Central Asia,8921343,31.5,0.627472084,69.582,11.26186,10.35582,2600.585607,Tajikistan
Honduras,HN,HND,Americas,Central America,9265067,29.6,0.624731633,73.334,11.2375,6.1695400000000005,4466.341808,Honduras
Chile,CL,CHL,Americas,South America,18054726,14.4,0.8466259509999999,81.956,16.3356,9.8965,21665.45797,Chile
Liberia,LR,LBR,Africa,Western Africa,4731906,54.1,0.426898502,61.188,9.903696,4.442,682.5904279,Liberia
Eritrea,ER,ERI,Africa,Eastern Africa,5068831,50.0,0.42015348700000005,64.186,4.99466,3.859551,1489.850738,Eritrea
Congo,CG,COG,Africa,Middle Africa,5260750,46.5,0.592284049,62.891999999999996,11.14742,6.313384345,5502.559087,Congo
El Salvador,SV,SLV,Americas,Central America,6377853,34.9,0.679776519,73.271,13.169929999999999,6.532387507999999,7732.025398000001,El Salvador
Libya,LY,LBY,Africa,Northern Africa,6374616,33.0,0.71644267,71.763,13.4025,7.31,14303.109530000002,Libya
Portugal,PT,PRT,Europe,Southern Europe,10329506,19.0,0.842658098,81.183,16.56576,8.88247,26103.629269999998,Portugal
Kyrgyzstan,KG,KGZ,Asia,Central Asia,6045117,32.1,0.663631066,70.791,13.00323,10.80226247,3096.796097,Kyrgyzstan
Nicaragua,NI,NIC,Americas,Central America,6217581,29.6,0.645202505,75.212,11.67,6.544,4746.699464,Nicaragua
United Arab Emirates,AE,ARE,Asia,Western Asia,9400145,19.5,0.839799159,77.119,13.33,9.5,66203.29979,United Arab Emirates
Israel,IL,ISR,Asia,Western Asia,8321570,22.0,0.898885927,82.561,15.99801,12.76185,31214.7148,Israel
Tunisia,TN,TUN,Africa,Northern Africa,11532127,15.5,0.724559572,74.982,14.64156,7.089225505,10248.57789,Tunisia
Lebanon,LB,LBN,Asia,Western Asia,6082357,28.6,0.76284118,79.53699999999999,13.28786,8.605452453,13311.57619,Lebanon
Belgium,BE,BEL,Europe,Western Europe,11429336,15.1,0.895514145,80.984,16.635270000000002,11.38096,41243.313819999996,Belgium
Bulgaria,BG,BGR,Europe,Eastern Europe,7084571,22.0,0.793641565,74.322,15.040370000000001,10.79879781,16261.26026,Bulgaria
Paraguay,PY,PRY,Americas,South America,6811297,22.2,0.6929655570000001,73.00399999999999,12.318430000000001,8.1351,8181.693781999999,Paraguay
Laos,LA,LAO,Asia,South-eastern Asia,6858160,22.0,0.586044801,66.598,10.829410000000001,5.1938536310000005,5048.5580740000005,Lao People's Democratic Republic
Netherlands,NL,NLD,Europe,Western Europe,17035938,8.8,0.924312171,81.706,18.11654,11.914069999999999,46325.57658,Netherlands
Sweden,SE,SWE,Europe,Northern Europe,9910701,15.0,0.9127061009999999,82.34700000000001,16.05545884,12.2737,46250.79382,Sweden
Hungary,HU,HUN,Europe,Eastern Europe,9721559,14.9,0.836211493,75.313,15.59518,12.02,23394.324230000002,Hungary
Hong Kong,HK,HKG,Asia,Eastern Asia,7364883,19.6,0.9171573190000001,84.163,15.67329,11.59066599,54264.91477999999,Hong Kong
Sri Lanka,LK,LKA,Asia,Southern Asia,20876917,6.7,0.766438081,75.04899999999999,13.96716,10.91508197,10788.90853,Sri Lanka
Jordan,JO,JOR,Asia,Western Asia,9702353,14.2,0.741498511,74.175,13.135925,10.097999999999999,10111.333770000001,Jordan
Mauritania,MR,MRT,Africa,Western Africa,4420184,31.0,0.513106014,63.239,8.46379,4.266,3527.264154,Mauritania
Lesotho,LS,LSO,Africa,Southern Africa,2233339,57.0,0.497367956,50.08,10.74118,6.126,3318.773796,Lesotho
Guinea-Bissau,GW,GNB,Africa,Western Africa,1861283,67.0,0.42383992299999995,55.486000000000004,9.2,2.917138913,1369.460824,Guinea-Bissau
Malaysia,MY,MYS,Asia,South-eastern Asia,31624264,3.8,0.789449738,74.90100000000001,13.07991,10.11094944,24619.6547,Malaysia
Costa Rica,CR,CRI,Americas,Central America,4905769,21.7,0.776452943,79.613,14.16446402,8.707460000000001,14006.355090000001,Costa Rica
Czech Republic,CZ,CZE,Europe,Eastern Europe,10618303,9.7,0.877841924,78.775,16.81404,12.33225,28143.977580000002,Czech Republic
Gambia,GM,GMB,Africa,Western Africa,2100568,48.4,0.451574501,60.463,8.94,3.292,1540.8295289999999,Gambia
Panama,PA,PAN,Americas,Central America,4098587,23.0,0.78765622,77.755,13.038995,9.854,19470.2025,Panama
Armenia,AM,ARM,Asia,Western Asia,2930450,32.0,0.7428498309999999,74.88600000000001,12.71321785,11.29105,8189.1151930000005,Armenia
Swaziland,SZ,SWZ,Africa,Southern Africa,1367254,63.0,0.541047936,48.943000000000005,11.4139,6.839173574,7521.816682,Swaziland
Moldova,MD,MDA,Europe,Eastern Europe,4051212,20.8,0.699040531,71.73100000000001,11.81358,11.91596,5026.259922,Moldova
Croatia,HR,HRV,Europe,Southern Europe,4189353,19.5,0.827402943,77.495,15.25955,11.22219652,20291.34365,Croatia
Serbia,RS,SRB,Europe,Southern Europe,8790574,8.9,0.775733711,75.04899999999999,14.360679999999999,10.81862,12202.12775,Serbia
Denmark,DK,DNK,Europe,Northern Europe,5733551,13.4,0.92464937,80.41199999999999,19.1888,12.70017,44518.92402,Denmark
Namibia,,NAM,Africa,Southern Africa,2533794,28.7,0.6400067779999999,65.062,11.657589,6.676,9769.848506999999,Namibia
Gabon,GA,GAB,Africa,Middle Africa,2025137,34.3,0.6971239990000001,64.936,12.56472105,8.070282329,19043.587180000002,Gabon
Botswana,BW,BWA,Africa,Southern Africa,2291661,30.3,0.6976874809999999,64.508,12.61731,9.233631793999999,14662.81969,Botswana
Slovakia,SK,SVK,Europe,Eastern Europe,5447662,12.3,0.844947582,76.40899999999999,14.964879999999999,12.22690128,26763.61725,Slovakia
Mongolia,MN,MNG,Asia,Eastern Asia,3075647,21.6,0.734832003,69.806,14.84552,9.75,10449.20727,Mongolia
Lithuania,LT,LTU,Europe,Northern Europe,2890297,22.2,0.848098563,73.495,16.52306,12.702110000000001,26006.47764,Lithuania
Bosnia and Herzegovina,BA,BIH,Europe,Southern Europe,3507017,17.2,0.749833523,76.634,14.175679999999998,9.0135,10090.77442,Bosnia and Herzegovina
Switzerland,CH,CHE,Europe,Western Europe,8476005,6.6,0.9391308690000001,83.133,16.04041,13.37,56363.9578,Switzerland
Equatorial Guinea,GQ,GNQ,Africa,Middle Africa,1267689,44.0,0.592436179,57.909,9.2,5.515573012999999,21517.21167,Equatorial Guinea
Timor-Leste,TL,TLS,Asia,South-eastern Asia,1296311,41.8,0.605494767,68.514,12.484435000000001,4.424304,5371.162193,Timor-Leste
Belarus,BY,BLR,Europe,Eastern Europe,9468338,5.7,0.7958270609999999,71.464,15.660229999999999,11.97681,15629.446969999999,Belarus
Latvia,LV,LVA,Europe,Northern Europe,1949670,25.5,0.829862287,74.342,15.974110000000001,11.73641794,22589.17355,Latvia
Kazakhstan,KZ,KAZ,Asia,Central Asia,18204499,2.7,0.794123063,69.58800000000001,14.97189,11.675999999999998,22093.08651,Kazakhstan
Azerbaijan,AZ,AZE,Asia,Western Asia,9827589,4.9,0.758527581,70.896,12.65043,11.16,16413.26033,Azerbaijan
Jamaica,JM,JAM,Americas,Caribbean,2890299,16.5,0.730041143,75.82,12.835763,9.638854408,8350.023078,Jamaica
Macedonia,MK,MKD,Europe,Southern Europe,2083160,21.5,0.748094279,75.532,12.8942,9.443739404,12405.21668,Macedonia
Albania,AL,ALB,Europe,Southern Europe,2930187,14.3,0.7641737279999999,77.968,14.17968,9.64681,10252.46983,Albania
Suriname,SR,SUR,Americas,South America,563402,70.0,0.7249572409999999,71.277,12.70659526,8.306954336,16017.988309999999,Suriname
Ireland,IE,IRL,Europe,Northern Europe,4761657,8.2,0.922745767,81.05199999999999,18.5792,12.31397813,43797.96814,Ireland
Comoros,KM,COM,Africa,Eastern Africa,813912,44.8,0.497496166,63.567,11.09573,4.831995356,1335.004475,Comoros
Georgia,GE,GEO,Asia,Western Asia,3912061,9.2,0.769396875,75.02,13.904879999999999,12.24651,8855.829885,Georgia
Austria,AT,AUT,Europe,Western Europe,8735453,4.0,0.893405015,81.583,15.91223,11.33397586,43608.82387,Austria
Uruguay,UY,URY,Americas,South America,3456750,9.7,0.794785893,77.351,15.51185,8.57907,19148.056269999997,Uruguay
Slovenia,SI,SVN,Europe,Southern Europe,2079976,14.3,0.890302824,80.575,17.3483,12.121939999999999,28664.21147,Slovenia
Fiji,FJ,FJI,Oceania,Melanesia,905502,31.0,0.73640621,70.15100000000001,15.3,10.548,8244.755706999998,Fiji
Estonia,EE,EST,Europe,Northern Europe,1309632,21.3,0.86511838,77.012,16.50275,12.54744874,26361.89394,Estonia
Trinidad and Tobago,TT,TTO,Americas,Caribbean,1369125,20.0,0.7799124279999999,70.52,12.747,10.88346335,28049.08642,Trinidad and Tobago
Guyana,GY,GUY,Americas,South America,777859,35.0,0.638016476,66.499,10.34577,8.416544665,6884.453762,Guyana
Djibouti,DJ,DJI,Africa,Eastern Africa,956985,23.0,0.47313422899999996,62.297,6.29223,4.07,3216.176031,Djibouti
Belize,BZ,BLZ,Americas,Central America,374681,41.0,0.706194772,70.07600000000001,12.76907,10.47,7374.814544,Belize
Bhutan,BT,BTN,Asia,Southern Asia,807610,13.3,0.606533532,69.852,12.51544,3.133696413,7081.45304,Bhutan
Mauritius,MU,MUS,Africa,Eastern Africa,1265138,8.0,0.7813862509999999,74.595,15.16978,9.094,17947.96398,Mauritius
Malta,MT,MLT,Europe,Southern Europe,430835,16.3,0.855850775,80.726,14.59462,11.271289999999999,29499.560230000003,Malta
Maldives,MV,MDV,Asia,Southern Asia,436330,16.0,0.7010269,76.959,12.745999999999999,6.196000000000001,10382.733059999999,Maldives
Montenegro,ME,MNE,Europe,Southern Europe,628960,8.6,0.8072243459999999,76.40100000000001,15.133679999999998,11.28716,15409.605119999998,Montenegro
Turkmenistan,TM,TKM,Asia,Central Asia,5758075,0.2,0.691490343,65.734,10.801219999999999,9.878169999999999,14025.831380000001,Turkmenistan
Australia,AU,AUS,Oceania,Australia and New Zealand,24450561,,0.938679536,82.537,20.43272,13.1751,42822.19627,Australia
Bahrain,BH,BHR,Asia,Western Asia,1492584,,0.823884095,76.715,14.5,9.419,37236.36304,Bahrain
Brunei,BN,BRN,Asia,South-eastern Asia,428697,,0.86493671,79.01899999999999,14.94486,9.02,72843.46609,Brunei
Cuba,CU,CUB,Americas,Caribbean,11484636,,0.7746693590000001,79.57300000000001,13.937389999999999,11.750780800000001,7455.0624769999995,Cuba
Cyprus,CY,CYP,Asia,Western Asia,1179551,,0.8556458459999999,80.332,14.256129999999999,11.69523,29458.522689999998,Cyprus
Finland,FI,FIN,Europe,Northern Europe,5523231,,0.8945174440000001,81.006,17.04792,11.194,38868.135519999996,Finland
Iceland,IS,ISL,Europe,Northern Europe,335025,,0.9211095979999999,82.72399999999999,18.994220000000002,12.19089155,37065.214510000005,Iceland
Kuwait,KW,KWT,Asia,Western Asia,4136528,,0.800182932,74.54899999999999,13.26,7.2653688039999995,76075.20735,Kuwait
Luxembourg,LU,LUX,Europe,Western Europe,583455,,0.898464721,81.881,13.863729999999999,11.95083323,62470.59129,Luxembourg
New Zealand,NZ,NZL,Oceania,Australia and New Zealand,4705818,,0.9149000559999999,82.02600000000001,19.2282,12.503,32870.07836,New Zealand
North Korea,KP,PRK,Asia,Eastern Asia,25490965,,,,,,,North Korea
Norway,NO,NOR,Europe,Northern Europe,5305383,,0.949422834,81.711,17.671870000000002,12.74642,67614.35347999999,Norway
Oman,OM,OMN,Asia,Western Asia,4636262,,0.795778615,76.97,13.74085,8.1,34402.2755,Oman
Puerto Rico,PR,PRI,Americas,Caribbean,3663131,,,,,,,Puerto Rico
Qatar,QA,QAT,Asia,Western Asia,2639211,,0.855530727,78.32300000000001,13.4061,9.76463,129915.6009,Qatar
Saudi Arabia,SA,SAU,Asia,Western Asia,32938213,,0.8466019109999999,74.444,16.112270000000002,9.62752,51320.11323,Saudi Arabia
Singapore,SG,SGP,Asia,South-eastern Asia,5708844,,0.924865933,83.209,15.4,11.572410000000001,78162.32387000001,Singapore
Solomon Islands,SB,SLB,Oceania,Melanesia,611343,,0.5149993079999999,68.107,9.61,5.330584024,1560.858813,Solomon Islands
Somalia,SO,SOM,Africa,Eastern Africa,14742523,,,,,,,Somalia
Central African Republic,CF,CAF,Africa,Middle Africa,4659080,,0.3524402,51.458,7.09898,4.23,587.4739607000001,Central African Republic
Samoa,WS,WSM,Oceania,Polynesia,196440,,0.7020000000000001,,,,,Samoa
Palestine,PS,PS,Asia,Western Asia,4920724,,0.677,,,,,Palestine
Kosovo,XK,,Europe,Southern Europe,1895250,30.0,0.7859999999999999,,,,,Kosovo
